{
  "id": "1947974",
  "name": "mweb2",
  "font_family": "iconfont",
  "css_prefix_text": "icon-",
  "description": "",
  "glyphs": [
    {
      "icon_id": "1336076",
      "name": "Menu",
      "font_class": "Menu",
      "unicode": "e609",
      "unicode_decimal": 58889
    },
    {
      "icon_id": "1613820",
      "name": "刷新",
      "font_class": "shuaxin",
      "unicode": "e60a",
      "unicode_decimal": 58890
    },
    {
      "icon_id": "1621660",
      "name": "锁",
      "font_class": "suo",
      "unicode": "e644",
      "unicode_decimal": 58948
    },
    {
      "icon_id": "4867083",
      "name": "筛选",
      "font_class": "shaixuan",
      "unicode": "e652",
      "unicode_decimal": 58962
    },
    {
      "icon_id": "5067561",
      "name": "向上",
      "font_class": "xiangshang",
      "unicode": "e638",
      "unicode_decimal": 58936
    },
    {
      "icon_id": "8351874",
      "name": "向下",
      "font_class": "xiangxia",
      "unicode": "e6ad",
      "unicode_decimal": 59053
    }
  ]
}
